[
  {
    "Nome": "Lorenzo Spencer",
    "Faltas": 68,
    "valorDaMensalidade": "302.00",
    "id": "1",
    "Notas": [
      {
        "Mamateriatica": 31,
        "Portugues": 8,
        "Ciencias": 100,
        "id": "1",
        "Notas": "1"
      }
    ],
    "Atividade_extra": [
      {
        "Judo": "Judo 1",
        "Natacao": "Natacao 1",
        "Ingles": "Ingles 1",
        "Xadrez": "Xadrez 1",
        "id": "1",
        "Atividade_extra": "1"
      }
    ]
  },
  {
    "Nome": "Vera Champlin",
    "Faltas": 81,
    "valorDaMensalidade": "47.00",
    "id": "2",
    "Notas": [
      {
        "Mamateriatica": 98,
        "Portugues": 68,
        "Ciencias": 62,
        "id": "2",
        "Notas": "2"
      }
    ],
    "Atividade_extra": [
      {
        "Judo": "Judo 2",
        "Natacao": "Natacao 2",
        "Ingles": "Ingles 2",
        "Xadrez": "Xadrez 2",
        "id": "2",
        "Atividade_extra": "2"
      }
    ]
  },
  {
    "Nome": "Kerry Mosciski",
    "Faltas": 74,
    "valorDaMensalidade": "724.00",
    "id": "3",
    "Notas": [
      {
        "Mamateriatica": 79,
        "Portugues": 45,
        "Ciencias": 50,
        "id": "3",
        "Notas": "3"
      }
    ],
    "Atividade_extra": [
      {
        "Judo": "Judo 3",
        "Natacao": "Natacao 3",
        "Ingles": "Ingles 3",
        "Xadrez": "Xadrez 3",
        "id": "3",
        "Atividade_extra": "3"
      }
    ]
  }
]
